{"draw_idx": 100, "draws": null, "_stats": [{"depth": [8, 9, 9, 9, 10, 9, 8, 10, 6, 6, 8, 10, 8, 9, 10, 10, 10, 9, 8, 10, 9, 10, 10, 10, 9, 9, 9, 10, 9, 10, 9, 6, 9, 6, 6, 10, 3, 5, 6, 10, 10, 6, 10, 10, 10, 10, 10, 10, 6, 9, 10, 8, 8, 10, 9, 8, 10, 10, 10, 10, 9, 8, 9, 8, 8, 7, 8, 9, 10, 9, 5, 8, 7, 10, 9, 8, 9, 10, 8, 10, 6, 9, 10, 10, 10, 9, 10, 10, 10, 10, 8, 10, 10, 10, 8, 10, 10, 10, 10, 8], "step_size": [0.05699057360606496, 0.05699057360606496, 0.05699057360606496, 0.05699057360606496, 0.05699057360606496, 0.05699057360606496, 0.05699057360606496, 0.05699057360606496, 0.05699057360606496, 0.05699057360606496, 0.05699057360606496, 0.05699057360606496, 0.05699057360606496, 0.05699057360606496, 0.05699057360606496, 0.05699057360606496, 0.05699057360606496, 0.05699057360606496, 0.05699057360606496, 0.05699057360606496, 0.05699057360606496, 0.05699057360606496, 0.05699057360606496, 0.05699057360606496, 0.05699057360606496, 0.05699057360606496, 0.05699057360606496, 0.05699057360606496, 0.05699057360606496, 0.05699057360606496, 0.05699057360606496, 0.05699057360606496, 0.05699057360606496, 0.05699057360606496, 0.05699057360606496, 0.05699057360606496, 0.05699057360606496, 0.05699057360606496, 0.05699057360606496, 0.05699057360606496, 0.05699057360606496, 0.05699057360606496, 0.05699057360606496, 0.05699057360606496, 0.05699057360606496, 0.05699057360606496, 0.05699057360606496, 0.05699057360606496, 0.05699057360606496, 0.05699057360606496, 0.05699057360606496, 0.05699057360606496, 0.05699057360606496, 0.05699057360606496, 0.05699057360606496, 0.05699057360606496, 0.05699057360606496, 0.05699057360606496, 0.05699057360606496, 0.05699057360606496, 0.05699057360606496, 0.05699057360606496, 0.05699057360606496, 0.05699057360606496, 0.05699057360606496, 0.05699057360606496, 0.05699057360606496, 0.05699057360606496, 0.05699057360606496, 0.05699057360606496, 0.05699057360606496, 0.05699057360606496, 0.05699057360606496, 0.05699057360606496, 0.05699057360606496, 0.05699057360606496, 0.05699057360606496, 0.05699057360606496, 0.05699057360606496, 0.05699057360606496, 0.05699057360606496, 0.05699057360606496, 0.05699057360606496, 0.05699057360606496, 0.05699057360606496, 0.05699057360606496, 0.05699057360606496, 0.05699057360606496, 0.05699057360606496, 0.05699057360606496, 0.05699057360606496, 0.05699057360606496, 0.05699057360606496, 0.05699057360606496, 0.05699057360606496, 0.05699057360606496, 0.05699057360606496, 0.05699057360606496, 0.05699057360606496, 0.05699057360606496], "tune": [true, false, false, false, false, false, false, false, false, false, false, false, false, false, false, false, false, false, false, false, false, false, false, false, false, false, false, false, false, false, false, false, false, false, false, false, false, false, false, false, false, false, false, false, false, false, false, false, false, false, false, false, false, false, false, false, false, false, false, false, false, false, false, false, false, false, false, false, false, false, false, false, false, false, false, false, false, false, false, false, false, false, false, false, false, false, false, false, false, false, false, false, false, false, false, false, false, false, false, false], "mean_tree_accept": [0.7985596119289631, 0.8268995690281328, 0.2785543493282182, 0.24551176562182425, 0.9261089541986923, 0.6501105871428497, 0.8196316234934264, 0.8289274144815314, 0.16292846026571506, 0.0857694269192942, 0.0877406087392301, 0.04777832062172556, 0.7937105550695582, 0.9957537484466797, 0.7940296021871079, 0.7444761153391399, 0.31289801358536484, 0.4840470415657365, 0.9498092468178189, 0.9032146988239705, 0.4406394840214967, 0.9946241993268251, 0.9860689723834003, 0.9990754486259179, 0.5901719445240765, 0.9983170769163491, 0.9838865558908335, 0.9529797187582797, 0.9701301017735815, 0.8058997896356297, 0.9965565576043235, 0.9972084452409339, 0.48337786886236345, 0.053591199100251785, 0.48436817772553037, 0.02271643258460822, 0.05604149023630227, 0.181540256831698, 0.5478256205405462, 0.9997104327114369, 0.8971636347967091, 0.7923039698712319, 0.8115257996714446, 0.9025147563077208, 0.9956673777210736, 0.7450353244832307, 0.2682616338152967, 0.9955854761470762, 0.9985924614321698, 0.9900923922741266, 0.9896350548803522, 0.9942829503409961, 0.9465793857586289, 0.993377130400284, 0.9912662305987662, 0.514110400555676, 0.9971773114275019, 0.991920619457655, 0.9628933687971314, 0.9785689104943539, 0.9963232185765645, 0.9852979369867398, 0.9237155470016403, 0.9891206484331708, 0.9226067366678161, 0.972206911292583, 0.9901694268580212, 0.9800187394287724, 0.9513091972902861, 0.3978335295237153, 0.2127963397644418, 0.8135945580712127, 0.8146767749626247, 0.9956230808103749, 0.9645303719852591, 0.9930629444221143, 0.9401054757981956, 0.9835880951735565, 0.9814634149810422, 0.9387015633847725, 0.9814818927952601, 0.6886643952298633, 0.627000501930829, 0.9998747297298185, 0.9950229870663563, 0.9929430028660031, 0.9734778889755422, 0.9948805000432738, 0.9614603532215438, 0.9339141692734998, 0.9871041014878386, 0.9907785197434494, 0.9913138292695098, 0.998409360149569, 0.9830273587652069, 0.9309109119747415, 0.9988870502178816, 0.9996551383991951, 0.9562705442506736, 0.9455996999236178], "step_size_bar": [0.05095390661255345, 0.05095390661255345, 0.05095390661255345, 0.05095390661255345, 0.05095390661255345, 0.05095390661255345, 0.05095390661255345, 0.05095390661255345, 0.05095390661255345, 0.05095390661255345, 0.05095390661255345, 0.05095390661255345, 0.05095390661255345, 0.05095390661255345, 0.05095390661255345, 0.05095390661255345, 0.05095390661255345, 0.05095390661255345, 0.05095390661255345, 0.05095390661255345, 0.05095390661255345, 0.05095390661255345, 0.05095390661255345, 0.05095390661255345, 0.05095390661255345, 0.05095390661255345, 0.05095390661255345, 0.05095390661255345, 0.05095390661255345, 0.05095390661255345, 0.05095390661255345, 0.05095390661255345, 0.05095390661255345, 0.05095390661255345, 0.05095390661255345, 0.05095390661255345, 0.05095390661255345, 0.05095390661255345, 0.05095390661255345, 0.05095390661255345, 0.05095390661255345, 0.05095390661255345, 0.05095390661255345, 0.05095390661255345, 0.05095390661255345, 0.05095390661255345, 0.05095390661255345, 0.05095390661255345, 0.05095390661255345, 0.05095390661255345, 0.05095390661255345, 0.05095390661255345, 0.05095390661255345, 0.05095390661255345, 0.05095390661255345, 0.05095390661255345, 0.05095390661255345, 0.05095390661255345, 0.05095390661255345, 0.05095390661255345, 0.05095390661255345, 0.05095390661255345, 0.05095390661255345, 0.05095390661255345, 0.05095390661255345, 0.05095390661255345, 0.05095390661255345, 0.05095390661255345, 0.05095390661255345, 0.05095390661255345, 0.05095390661255345, 0.05095390661255345, 0.05095390661255345, 0.05095390661255345, 0.05095390661255345, 0.05095390661255345, 0.05095390661255345, 0.05095390661255345, 0.05095390661255345, 0.05095390661255345, 0.05095390661255345, 0.05095390661255345, 0.05095390661255345, 0.05095390661255345, 0.05095390661255345, 0.05095390661255345, 0.05095390661255345, 0.05095390661255345, 0.05095390661255345, 0.05095390661255345, 0.05095390661255345, 0.05095390661255345, 0.05095390661255345, 0.05095390661255345, 0.05095390661255345, 0.05095390661255345, 0.05095390661255345, 0.05095390661255345, 0.05095390661255345, 0.05095390661255345],