{"draw_idx": 100, "draws": null, "_stats": [{"depth": [8, 3, 3, 3, 3, 2, 3, 2, 3, 3, 3, 2, 3, 3, 3, 3, 2, 3, 2, 2, 3, 2, 3, 3, 3, 3, 3, 4, 3, 3, 3, 3, 3, 3, 4, 3, 3, 3, 3, 4, 3, 2, 2, 4, 3, 2, 2, 3, 2, 3, 4, 4, 3, 4, 2, 2, 3, 3, 3, 3, 3, 2, 3, 3, 3, 4, 3, 3, 3, 3, 2, 2, 2, 2, 4, 3, 2, 2, 3, 3, 2, 3, 3, 2, 3, 3, 2, 3, 2, 4, 4, 3, 3, 4, 2, 3, 3, 3, 3, 3], "step_size": [0.031021988162990247, 0.031021988162990247, 0.031021988162990247, 0.031021988162990247, 0.031021988162990247, 0.031021988162990247, 0.031021988162990247, 0.031021988162990247, 0.031021988162990247, 0.031021988162990247, 0.031021988162990247, 0.031021988162990247, 0.031021988162990247, 0.031021988162990247, 0.031021988162990247, 0.031021988162990247, 0.031021988162990247, 0.031021988162990247, 0.031021988162990247, 0.031021988162990247, 0.031021988162990247, 0.031021988162990247, 0.031021988162990247, 0.031021988162990247, 0.031021988162990247, 0.031021988162990247, 0.031021988162990247, 0.031021988162990247, 0.031021988162990247, 0.031021988162990247, 0.031021988162990247, 0.031021988162990247, 0.031021988162990247, 0.031021988162990247, 0.031021988162990247, 0.031021988162990247, 0.031021988162990247, 0.031021988162990247, 0.031021988162990247, 0.031021988162990247, 0.031021988162990247, 0.031021988162990247, 0.031021988162990247, 0.031021988162990247, 0.031021988162990247, 0.031021988162990247, 0.031021988162990247, 0.031021988162990247, 0.031021988162990247, 0.031021988162990247, 0.031021988162990247, 0.031021988162990247, 0.031021988162990247, 0.031021988162990247, 0.031021988162990247, 0.031021988162990247, 0.031021988162990247, 0.031021988162990247, 0.031021988162990247, 0.031021988162990247, 0.031021988162990247, 0.031021988162990247, 0.031021988162990247, 0.031021988162990247, 0.031021988162990247, 0.031021988162990247, 0.031021988162990247, 0.031021988162990247, 0.031021988162990247, 0.031021988162990247, 0.031021988162990247, 0.031021988162990247, 0.031021988162990247, 0.031021988162990247, 0.031021988162990247, 0.031021988162990247, 0.031021988162990247, 0.031021988162990247, 0.031021988162990247, 0.031021988162990247, 0.031021988162990247, 0.031021988162990247, 0.031021988162990247, 0.031021988162990247, 0.031021988162990247, 0.031021988162990247, 0.031021988162990247, 0.031021988162990247, 0.031021988162990247, 0.031021988162990247, 0.031021988162990247, 0.031021988162990247, 0.031021988162990247, 0.031021988162990247, 0.031021988162990247, 0.031021988162990247, 0.031021988162990247, 0.031021988162990247, 0.031021988162990247, 0.031021988162990247], "tune": [true, false, false, false, false, false, false, false, false, false, false, false, false, false, false, false, false, false, false, false, false, false, false, false, false, false, false, false, false, false, false, false, false, false, false, false, false, false, false, false, false, false, false, false, false, false, false, false, false, false, false, false, false, false, false, false, false, false, false, false, false, false, false, false, false, false, false, false, false, false, false, false, false, false, false, false, false, false, false, false, false, false, false, false, false, false, false, false, false, false, false, false, false, false, false, false, false, false, false, false], "mean_tree_accept": [0.999357485154139, 0.02860056597689884, 0.16771614532880458, 0.06112744172276848, 0.2970774758371751, 0.33333333337630305, 0.12960025520940335, 5.01019964440147e-06, 0.20393049861772622, 0.2881265835136396, 0.0009030680716012885, 0.10204021640180905, 0.2619205559592805, 0.2670304941277348, 0.05412467440869849, 0.09952953401793799, 1.4174627303740487e-15, 0.034094045020541044, 1.6363594818269665e-06, 0.0018229852201945773, 1.0140738829477474e-07, 2.4861722799343562e-05, 0.00012422049252069396, 0.25, 0.28571455770004806, 0.2500710293096787, 0.40000000027207133, 0.10000018491594151, 0.003454694494701415, 0.166666667200687, 0.14300141072968287, 0.20632157779966284, 0.024281070498143903, 1.157551000368512e-10, 0.22067306903847905, 0.14286047839995156, 0.14286162907649144, 1.2522596399876713e-08, 0.17474196006333317, 0.19563276120990106, 0.0022837190494732957, 1.3324208799790671e-05, 1.33396890203401e-05, 0.14790842334325147, 0.004920030722229512, 0.3333950798519257, 0.0005055846742520348, 0.00015327887115022432, 2.1641749991143213e-05, 0.052759815866050774, 0.0005083828985472526, 0.36692840469235466, 0.29768970268707573, 0.043829888862313794, 3.7099600721066753e-19, 2.2547845183978793e-11, 0.018333909513251645, 0.0016619474826687583, 0.4871158441741274, 0.15948975553012548, 0.10154535142434068, 0.00017786165138772314, 0.20914380469273564, 0.15471785404163882, 0.18524939171466712, 0.17647888451964225, 0.10546018290671677, 0.33034889234558057, 0.21924989133561773, 0.09998684118149082, 0.0003985281415915219, 0.33342279244053424, 2.1666447478892027e-05, 0.33333333333351983, 0.6252500775296327, 0.0938584700799396, 2.242629536900614e-05, 0.0038398176154597102, 0.3707245668001253, 0.37520654576212864, 1.0810332500071952e-09, 0.26866621482617914, 0.015334880392956485, 0.1008783813759845, 0.0036016816144253056, 0.14285830496508115, 8.905543154463755e-43, 0.25558684470048915, 1.0041887516021783e-11, 0.07786184240926373, 0.42865823404630854, 0.0007556830227812086, 0.13286826467682247, 0.11899476737928467, 0.00010128638676080007, 0.027746103690041303, 0.041798825905089564, 5.681501682521933e-09, 0.0067456648425338415, 0.02203463740592463], "step_size_bar": [0.07032049067381846, 0.07032049067381846, 0.07032049067381846, 0.07032049067381846, 0.07032049067381846, 0.07032049067381846, 0.07032049067381846, 0.07032049067381846, 0.07032049067381846, 0.07032049067381846, 0.07032049067381846, 0.07032049067381846, 0.07032049067381846, 0.07032049067381846, 0.07032049067381846, 0.07032049067381846, 0.07032049067381846, 0.07032049067381846, 0.07032049067381846, 0.07032049067381846, 0.07032049067381846, 0.07032049067381846, 0.07032049067381846, 0.07032049067381846, 0.07032049067381846, 0.07032049067381846, 0.07032049067381846, 0.07032049067381846, 0.07032049067381846, 0.07032049067381846, 0.07032049067381846, 0.07032049067381846, 0.07032049067381846, 0.07032049067381846, 0.07032049067381846, 0.07032049067381846, 0.07032049067381846, 0.07032049067381846, 0.07032049067381846, 0.07032049067381846, 0.07032049067381846, 0.07032049067381846, 0.07032049067381846, 0.07032049067381846, 0.07032049067381846, 0.07032049067381846, 0.07032049067381846, 0.07032049067381846, 0.07032049067381846, 0.07032049067381846, 0.07032049067381846, 0.07032049067381846, 0.07032049067381846, 0.07032049067381846, 0.07032049067381846, 0.07032049067381846, 0.07032049067381846, 0.07032049067381846, 0.07032049067381846, 0.07032049067381846, 0.07032049067381846, 0.07032049067381846, 0.07032049067381846, 0.07032049067381846, 0.07032049067381846, 0.07032049067381846, 0.07032049067381846, 0.07032049067381846, 0.07032049067381846, 0.07032049067381846, 0.07032049067381846, 0.07032049067381846, 0.07032049067381846, 0.07032049067381846, 0.07032049067381846, 0.07032049067381846, 0.07032049067381846, 0.07032049067381846, 0.07032049067381846, 0.07032049067381846, 0.07032049067381846, 0.07032049067381846, 0.07032049067381846, 0.07032049067381846, 0.07032049067381846, 0.07032049067381846, 0.07032049067381846, 0.07032049067381846, 0.07032049067381846, 0.07032049067381846, 0.07032049067381846, 0.07032049067381846, 0.07032049067381846, 0.07032049067381846, 0.07032049067381846, 0.07032049067381846, 0.07032049067381846, 0.07032049067381846, 0.07032049067381846, 0.07032049067381846],