{"draw_idx": 100, "draws": null, "_stats": [{"depth": [8, 9, 8, 7, 6, 9, 8, 8, 7, 7, 8, 10, 6, 10, 10, 8, 7, 10, 8, 7, 8, 7, 4, 8, 8, 10, 6, 8, 10, 9, 8, 10, 7, 10, 9, 9, 8, 8, 10, 8, 8, 4, 5, 7, 6, 7, 10, 10, 9, 9, 8, 9, 8, 7, 10, 6, 10, 10, 10, 9, 9, 10, 9, 9, 9, 9, 8, 7, 9, 8, 6, 5, 10, 6, 8, 9, 10, 10, 10, 7, 10, 10, 10, 6, 9, 10, 10, 9, 9, 6, 7, 7, 5, 7, 9, 8, 9, 7, 8, 9], "step_size": [0.07843996721989131, 0.07843996721989131, 0.07843996721989131, 0.07843996721989131, 0.07843996721989131, 0.07843996721989131, 0.07843996721989131, 0.07843996721989131, 0.07843996721989131, 0.07843996721989131, 0.07843996721989131, 0.07843996721989131, 0.07843996721989131, 0.07843996721989131, 0.07843996721989131, 0.07843996721989131, 0.07843996721989131, 0.07843996721989131, 0.07843996721989131, 0.07843996721989131, 0.07843996721989131, 0.07843996721989131, 0.07843996721989131, 0.07843996721989131, 0.07843996721989131, 0.07843996721989131, 0.07843996721989131, 0.07843996721989131, 0.07843996721989131, 0.07843996721989131, 0.07843996721989131, 0.07843996721989131, 0.07843996721989131, 0.07843996721989131, 0.07843996721989131, 0.07843996721989131, 0.07843996721989131, 0.07843996721989131, 0.07843996721989131, 0.07843996721989131, 0.07843996721989131, 0.07843996721989131, 0.07843996721989131, 0.07843996721989131, 0.07843996721989131, 0.07843996721989131, 0.07843996721989131, 0.07843996721989131, 0.07843996721989131, 0.07843996721989131, 0.07843996721989131, 0.07843996721989131, 0.07843996721989131, 0.07843996721989131, 0.07843996721989131, 0.07843996721989131, 0.07843996721989131, 0.07843996721989131, 0.07843996721989131, 0.07843996721989131, 0.07843996721989131, 0.07843996721989131, 0.07843996721989131, 0.07843996721989131, 0.07843996721989131, 0.07843996721989131, 0.07843996721989131, 0.07843996721989131, 0.07843996721989131, 0.07843996721989131, 0.07843996721989131, 0.07843996721989131, 0.07843996721989131, 0.07843996721989131, 0.07843996721989131, 0.07843996721989131, 0.07843996721989131, 0.07843996721989131, 0.07843996721989131, 0.07843996721989131, 0.07843996721989131, 0.07843996721989131, 0.07843996721989131, 0.07843996721989131, 0.07843996721989131, 0.07843996721989131, 0.07843996721989131, 0.07843996721989131, 0.07843996721989131, 0.07843996721989131, 0.07843996721989131, 0.07843996721989131, 0.07843996721989131, 0.07843996721989131, 0.07843996721989131, 0.07843996721989131, 0.07843996721989131, 0.07843996721989131, 0.07843996721989131, 0.07843996721989131], "tune": [true, false, false, false, false, false, false, false, false, false, false, false, false, false, false, false, false, false, false, false, false, false, false, false, false, false, false, false, false, false, false, false, false, false, false, false, false, false, false, false, false, false, false, false, false, false, false, false, false, false, false, false, false, false, false, false, false, false, false, false, false, false, false, false, false, false, false, false, false, false, false, false, false, false, false, false, false, false, false, false, false, false, false, false, false, false, false, false, false, false, false, false, false, false, false, false, false, false, false, false], "mean_tree_accept": [0.9971052123628252, 0.659191782675614, 0.5798199289227111, 0.4267684652620761, 0.9732097015991946, 0.6208409171127727, 0.4618227050152412, 0.8548772579410778, 0.5440091193848995, 0.6037724010562314, 0.8770688146349042, 0.9799369680119107, 0.951554309223473, 0.7091254058498391, 0.9972891970071248, 0.948141428034753, 0.9930068426143035, 0.7017941957811238, 0.8802558633789124, 0.09023008688372906, 0.11576853630517507, 0.4241796469787667, 0.61128753666837, 0.9519235021122682, 0.7018346058156185, 0.20814842152862867, 0.9982115707894829, 0.7922828412071798, 0.011724900804305624, 0.9374859524738484, 0.7641594686095413, 0.8264261329977602, 0.9969943270819362, 0.7156330860442094, 0.9825714109838173, 0.7102092074342666, 0.7625204111286897, 0.605560211781044, 0.5107902203394713, 0.8788744580702386, 0.34184722092991493, 0.21303334614929068, 0.003811845234126556, 0.7614311875511508, 0.8687162160457634, 0.8666100164834137, 0.6899835589530493, 0.6491884984303584, 0.704555835624597, 0.8630370106712435, 0.37305017883988173, 0.827270124578377, 0.5387339072164717, 0.9982707415253614, 0.29125531241196556, 0.998569440289706, 0.9723236904777324, 0.9163395288134062, 0.8632915473449849, 0.9972955936490636, 0.9104042064272363, 0.9145894105702882, 0.904705643614732, 0.4813838525070183, 0.5431511451292276, 0.9780226839422641, 0.9734800659590868, 0.9967420935507294, 0.9237479972948809, 0.5000264556381807, 0.7676240864215357, 0.9699578543932355, 0.7781824135537516, 0.9862897286145617, 0.998691441049264, 0.9338877102270687, 0.82886811315218, 0.8233390562077694, 0.957432504262831, 0.986520067569599, 0.9872015316774714, 0.9242727054380273, 0.7721061427070741, 0.9994289909416662, 0.9842643153827659, 0.7425831577503973, 0.9799738254983373, 0.7152105889229529, 0.620354677878055, 0.41954528591123985, 0.24911756900478396, 0.08119170938349003, 0.3471204844492487, 0.8607330784071872, 0.1452743246436589, 0.02977930358296046, 5.519686960319064e-05, 0.07339296589918724, 0.03113544374057906, 0.3165508458781077], "step_size_bar": [0.09319214133500525, 0.09319214133500525, 0.09319214133500525, 0.09319214133500525, 0.09319214133500525, 0.09319214133500525, 0.09319214133500525, 0.09319214133500525, 0.09319214133500525, 0.09319214133500525, 0.09319214133500525, 0.09319214133500525, 0.09319214133500525, 0.09319214133500525, 0.09319214133500525, 0.09319214133500525, 0.09319214133500525, 0.09319214133500525, 0.09319214133500525, 0.09319214133500525, 0.09319214133500525, 0.09319214133500525, 0.09319214133500525, 0.09319214133500525, 0.09319214133500525, 0.09319214133500525, 0.09319214133500525, 0.09319214133500525, 0.09319214133500525, 0.09319214133500525, 0.09319214133500525, 0.09319214133500525, 0.09319214133500525, 0.09319214133500525, 0.09319214133500525, 0.09319214133500525, 0.09319214133500525, 0.09319214133500525, 0.09319214133500525, 0.09319214133500525, 0.09319214133500525, 0.09319214133500525, 0.09319214133500525, 0.09319214133500525, 0.09319214133500525, 0.09319214133500525, 0.09319214133500525, 0.09319214133500525, 0.09319214133500525, 0.09319214133500525, 0.09319214133500525, 0.09319214133500525, 0.09319214133500525, 0.09319214133500525, 0.09319214133500525, 0.09319214133500525, 0.09319214133500525, 0.09319214133500525, 0.09319214133500525, 0.09319214133500525, 0.09319214133500525, 0.09319214133500525, 0.09319214133500525, 0.09319214133500525, 0.09319214133500525, 0.09319214133500525, 0.09319214133500525, 0.09319214133500525, 0.09319214133500525, 0.09319214133500525, 0.09319214133500525, 0.09319214133500525, 0.09319214133500525, 0.09319214133500525, 0.09319214133500525, 0.09319214133500525, 0.09319214133500525, 0.09319214133500525, 0.09319214133500525, 0.09319214133500525, 0.09319214133500525, 0.09319214133500525, 0.09319214133500525, 0.09319214133500525, 0.09319214133500525, 0.09319214133500525, 0.09319214133500525, 0.09319214133500525, 0.09319214133500525, 0.09319214133500525, 0.09319214133500525, 0.09319214133500525, 0.09319214133500525, 0.09319214133500525, 0.09319214133500525, 0.09319214133500525, 0.09319214133500525, 0.09319214133500525, 0.09319214133500525, 0.09319214133500525],