{"draw_idx": 100, "draws": null, "_stats": [{"depth": [8, 10, 10, 10, 10, 10, 10, 10, 10, 10, 10, 10, 9, 9, 8, 10, 10, 9, 10, 10, 10, 10, 10, 10, 10, 10, 10, 10, 8, 10, 10, 10, 10, 10, 8, 9, 8, 10, 9, 10, 10, 10, 10, 10, 10, 10, 10, 10, 10, 10, 9, 10, 10, 10, 10, 10, 10, 10, 9, 10, 10, 10, 10, 10, 10, 10, 10, 10, 10, 10, 10, 10, 10, 10, 10, 10, 10, 10, 10, 10, 10, 10, 10, 10, 10, 10, 10, 10, 10, 10, 10, 10, 10, 10, 10, 9, 10, 9, 10, 9], "step_size": [0.019984485616385893, 0.019984485616385893, 0.019984485616385893, 0.019984485616385893, 0.019984485616385893, 0.019984485616385893, 0.019984485616385893, 0.019984485616385893, 0.019984485616385893, 0.019984485616385893, 0.019984485616385893, 0.019984485616385893, 0.019984485616385893, 0.019984485616385893, 0.019984485616385893, 0.019984485616385893, 0.019984485616385893, 0.019984485616385893, 0.019984485616385893, 0.019984485616385893, 0.019984485616385893, 0.019984485616385893, 0.019984485616385893, 0.019984485616385893, 0.019984485616385893, 0.019984485616385893, 0.019984485616385893, 0.019984485616385893, 0.019984485616385893, 0.019984485616385893, 0.019984485616385893, 0.019984485616385893, 0.019984485616385893, 0.019984485616385893, 0.019984485616385893, 0.019984485616385893, 0.019984485616385893, 0.019984485616385893, 0.019984485616385893, 0.019984485616385893, 0.019984485616385893, 0.019984485616385893, 0.019984485616385893, 0.019984485616385893, 0.019984485616385893, 0.019984485616385893, 0.019984485616385893, 0.019984485616385893, 0.019984485616385893, 0.019984485616385893, 0.019984485616385893, 0.019984485616385893, 0.019984485616385893, 0.019984485616385893, 0.019984485616385893, 0.019984485616385893, 0.019984485616385893, 0.019984485616385893, 0.019984485616385893, 0.019984485616385893, 0.019984485616385893, 0.019984485616385893, 0.019984485616385893, 0.019984485616385893, 0.019984485616385893, 0.019984485616385893, 0.019984485616385893, 0.019984485616385893, 0.019984485616385893, 0.019984485616385893, 0.019984485616385893, 0.019984485616385893, 0.019984485616385893, 0.019984485616385893, 0.019984485616385893, 0.019984485616385893, 0.019984485616385893, 0.019984485616385893, 0.019984485616385893, 0.019984485616385893, 0.019984485616385893, 0.019984485616385893, 0.019984485616385893, 0.019984485616385893, 0.019984485616385893, 0.019984485616385893, 0.019984485616385893, 0.019984485616385893, 0.019984485616385893, 0.019984485616385893, 0.019984485616385893, 0.019984485616385893, 0.019984485616385893, 0.019984485616385893, 0.019984485616385893, 0.019984485616385893, 0.019984485616385893, 0.019984485616385893, 0.019984485616385893, 0.019984485616385893], "tune": [true, false, false, false, false, false, false, false, false, false, false, false, false, false, false, false, false, false, false, false, false, false, false, false, false, false, false, false, false, false, false, false, false, false, false, false, false, false, false, false, false, false, false, false, false, false, false, false, false, false, false, false, false, false, false, false, false, false, false, false, false, false, false, false, false, false, false, false, false, false, false, false, false, false, false, false, false, false, false, false, false, false, false, false, false, false, false, false, false, false, false, false, false, false, false, false, false, false, false, false], "mean_tree_accept": [0.9402146501536812, 0.9681444632850927, 0.7828049122747975, 0.9960704214569258, 0.9961508816058354, 0.9453352410132524, 0.9177962675579248, 0.9658585575191374, 0.6679144945436023, 0.9682573127859592, 0.8007226070031951, 0.45070220076925877, 0.2241418162812008, 0.21932441231565797, 0.7812601535327971, 0.9130204765601156, 0.8546086599523081, 0.9434386959413659, 0.8731992445898715, 0.9855867460307906, 0.9976653447820448, 0.9996189422522532, 0.9650726333739085, 0.9844566760507745, 0.9175203516810766, 0.9995880903479222, 0.9977244405601566, 0.9947858296253188, 0.9936754961671699, 0.9932776247194786, 0.9995505991157781, 0.9994136714729109, 0.991571700019246, 0.9985421992350898, 0.9996846462302814, 0.9995393715920284, 0.9966669391661012, 0.9187140185156437, 0.9840615389180488, 0.9899906913833854, 0.9984436982277755, 0.9957457835414207, 0.9513365881066191, 0.9842075568635644, 0.8239017695577373, 0.9664050771682713, 0.8402442371236313, 0.9980047145821566, 0.9716041317393256, 0.982330797129001, 0.9344307424003474, 0.9954285714639731, 0.815630046587299, 0.4654818511189028, 0.9985060236344978, 0.9972486665002213, 0.9827274282899515, 0.9931777311270309, 0.9173574727290378, 0.998142679300398, 0.9670511014631832, 0.9999291480432284, 0.9931714434151224, 0.9876653855441687, 0.998223073592079, 0.99995265346079, 0.9983451407588232, 0.9989406656985377, 0.9967347129109586, 0.9992429859789353, 0.9982194686216375, 0.9938002051142013, 0.9998463458684251, 0.9980462172764965, 0.9999484978187626, 0.9947460168477941, 0.9962643501925771, 0.9850953441593522, 0.9825915567825099, 0.9984079720678937, 0.9989411800655976, 0.9651802714210257, 0.9091176535388726, 0.9880897582420323, 0.9963267130292994, 0.9891768996271515, 0.9907058459446594, 0.7252839095257904, 0.9629778344314529, 0.9830282119991297, 0.9524527974305697, 0.9855681627977196, 0.9524858706716747, 0.9953934659227517, 0.9853533819819728, 0.9987325262084757, 0.9949357922556701, 0.9996862311863391, 0.9939049479562317, 0.8876961387247122], "step_size_bar": [0.021720239985178955, 0.021720239985178955, 0.021720239985178955, 0.021720239985178955, 0.021720239985178955, 0.021720239985178955, 0.021720239985178955, 0.021720239985178955, 0.021720239985178955, 0.021720239985178955, 0.021720239985178955, 0.021720239985178955, 0.021720239985178955, 0.021720239985178955, 0.021720239985178955, 0.021720239985178955, 0.021720239985178955, 0.021720239985178955, 0.021720239985178955, 0.021720239985178955, 0.021720239985178955, 0.021720239985178955, 0.021720239985178955, 0.021720239985178955, 0.021720239985178955, 0.021720239985178955, 0.021720239985178955, 0.021720239985178955, 0.021720239985178955, 0.021720239985178955, 0.021720239985178955, 0.021720239985178955, 0.021720239985178955, 0.021720239985178955, 0.021720239985178955, 0.021720239985178955, 0.021720239985178955, 0.021720239985178955, 0.021720239985178955, 0.021720239985178955, 0.021720239985178955, 0.021720239985178955, 0.021720239985178955, 0.021720239985178955, 0.021720239985178955, 0.021720239985178955, 0.021720239985178955, 0.021720239985178955, 0.021720239985178955, 0.021720239985178955, 0.021720239985178955, 0.021720239985178955, 0.021720239985178955, 0.021720239985178955, 0.021720239985178955, 0.021720239985178955, 0.021720239985178955, 0.021720239985178955, 0.021720239985178955, 0.021720239985178955, 0.021720239985178955, 0.021720239985178955, 0.021720239985178955, 0.021720239985178955, 0.021720239985178955, 0.021720239985178955, 0.021720239985178955, 0.021720239985178955, 0.021720239985178955, 0.021720239985178955, 0.021720239985178955, 0.021720239985178955, 0.021720239985178955, 0.021720239985178955, 0.021720239985178955, 0.021720239985178955, 0.021720239985178955, 0.021720239985178955, 0.021720239985178955, 0.021720239985178955, 0.021720239985178955, 0.021720239985178955, 0.021720239985178955, 0.021720239985178955, 0.021720239985178955, 0.021720239985178955, 0.021720239985178955, 0.021720239985178955, 0.021720239985178955, 0.021720239985178955, 0.021720239985178955, 0.021720239985178955, 0.021720239985178955, 0.021720239985178955, 0.021720239985178955, 0.021720239985178955, 0.021720239985178955, 0.021720239985178955, 0.021720239985178955, 0.021720239985178955],